{"cameraMode":{"drawMode":0,"name":"Shaded","section":"Shading Mode"},"sceneLighting":true,"audioPlay":false,"sceneViewState":{"showFog":true,"showMaterialUpdate":false,"showSkybox":true,"showFlares":true,"showImageEffects":true,"showParticleSystems":true},"in2DMode":false,"pivot":{"x":2.119713306427002,"y":0.6188750267028809,"z":-56.767173767089847},"rotation":{"x":-0.270463764667511,"y":0.31455135345458987,"z":-0.09400273114442826,"w":-0.905025064945221},"size":11.411857604980469,"orthographic":false}